{"filesMd5":[{"page":"/config/index.js","md5":"32ab746b0d3043daf2a1b6ab5a795f94"},{"page":"/mediator/index.js","md5":"61264c2977f9e897b49a2c17ae3ead61"},{"page":"/pages/app/common/area.js","md5":"08c0e23fff04ca87562e6149237594df"},{"page":"/pages/app/common/talks.js","md5":"f9e10ee162f59f3e8ad1df23f4f6138f"},{"page":"/pages/app/common/talksMore.js","md5":"7a2015779859fa164c0a83fa2c0a5385"},{"page":"/pages/app/homePage/chat.js","md5":"abc575359653e06480a97838ef30ff2c"},{"page":"/pages/app/homePage/apply.js","md5":"45821f65e5b8ebfb531747e666420500"},{"page":"/pages/app/homePage/my.js","md5":"4edf41ff677057a3c39e4d65638ada15"},{"page":"/pages/app/homePage/quick.js","md5":"cb9d5060e6180e3eeb8427593d6d59f5"},{"page":"/pages/app/index.js","md5":"03503cc9388493463525298141439e17"},{"page":"/pages/app/info/about.js","md5":"87c9c3baeab24e904c435a822a7ed2b8"},{"page":"/pages/app/homePage/index.js","md5":"f0a00c15e4ad85e62301e88a50420b09"},{"page":"/pages/app/info/email.js","md5":"48a2225202e27fade54792aa347a88e9"},{"page":"/pages/app/info/help.js","md5":"7fc0aad115293b3de7894b027b86b83a"},{"page":"/pages/app/info/personal.js","md5":"f6c1d6a7fc2e0e9bf7d17d7cc72a55f9"},{"page":"/pages/app/info/setting.js","md5":"a647568e556536260c3b365d61109feb"},{"page":"/pages/app/info/reset.js","md5":"46fd69b22c0f4197d63a809ac33df039"},{"page":"/pages/app/info/theme.js","md5":"76cb020f095eb0b6b98534a42de3b6cc"},{"page":"/pages/app/option/Apply.js","md5":"492cca6a19577f72950137572780010b"},{"page":"/pages/app/option/forget.js","md5":"f044c2c3ecf7132189ec5e8d5d390e00"},{"page":"/pages/app/option/goVar.js","md5":"46d3f80bd1139eb21db3b4a7bc91e37f"},{"page":"/pages/app/option/language.js","md5":"58028157f1863d19a2a71dc16feb28e0"},{"page":"/pages/app/option/phoneVar.js","md5":"6b816958af17349fe20e96f6c4a1d7ab"},{"page":"/pages/app/option/set.js","md5":"92898106fbcfb869ac3b4ac31baaac9a"},{"page":"/pages/app/option/setIp.js","md5":"fe0741e12e48fa683a6510cb9a658356"},{"page":"/pages/app/sysCruiseShop/planList.js","md5":"20be438f568bc315b4488c777b70b874"},{"page":"/pages/app/sysCruiseShop/planTask.js","md5":"faf1b67d7b1136ebd449b8f31e64c0a6"},{"page":"/pages/app/sysCruiseShop/index.js","md5":"ecb2aaf5a175d94e49f0c392670ec088"},{"page":"/pages/app/sysCruiseShop/shopVideo.js","md5":"eede4614df813f558f8d450f0c52b0c3"},{"page":"/pages/app/sysCruiseShop/shopTally.js","md5":"7ead7fd4bd061156d97adaf20bab1c96"},{"page":"/pages/app/sysData/sysGoods.js","md5":"27ecb64b39d3886715f84030596e92b8"},{"page":"/pages/app/sysData/sysCustom.js","md5":"09cb46b796d107cdd39c1e2a0d88a16f"},{"page":"/pages/app/sysData/sysStaff.js","md5":"05ed43d8de610b06f58a05440daeb611"},{"page":"/pages/app/sysData/sysOpera.js","md5":"a2c69d03574e9753d0a891cf7270dcf8"},{"page":"/pages/app/sysPasFlow/index.js","md5":"5953814f417e36356b4f378112dfb668"},{"page":"/pages/app/sysTemMon/alarmList.js","md5":"beaad09f07d4bda8d0a28f16fe81d9e3"},{"page":"/pages/app/sysTemMon/index.js","md5":"871cf5f0260550982bd6585a0436d259"},{"page":"/pages/app/sysTemMon/review.js","md5":"31e8a473e423e2cffc078eac602fcf7b"},{"page":"/iconfont/tianjiApp.ttf","md5":"67203ac404e667250ed71a1b519ea385"},{"page":"/assets/demo.jpg","md5":"332c4e7d5398207c1b49750369a72848"},{"page":"/assets/img/Smiling.png","md5":"8bcf44d9868c56b9c0e77a78b24ede2a"},{"page":"/assets/img/aboutlogo.png","md5":"38f0e90ecba8888384d0ab191860129e"},{"page":"/assets/img/advertising.jpg","md5":"d6f3096096f4c85a8d80ba2712daf193"},{"page":"/assets/img/advertising.png","md5":"eb555a4b9b0ba684cd2bba09830717b3"},{"page":"/assets/img/back0.jpg","md5":"9b27b40cbd6022de1b63cdf8a69747e5"},{"page":"/assets/img/back1.jpg","md5":"668824a041f7317ce33050144d5373b9"},{"page":"/assets/img/back2.jpg","md5":"798f7667807d8e18fe6f5d762a9a6e18"},{"page":"/assets/img/back3.jpg","md5":"e759c763ec4153bd59446d220f1e7e23"},{"page":"/assets/img/back4.jpg","md5":"4110e829bceecc631bb8b16da7a6f8a6"},{"page":"/assets/img/back5.jpg","md5":"785b78aab7dda47bee1c30f89ff736a2"},{"page":"/assets/img/back6.jpg","md5":"39ff8e7e29bdf998543ba520dfde774f"},{"page":"/assets/img/check.png","md5":"d5e1c0d7461f62c3dd9d07b31ef3c407"},{"page":"/assets/img/default.png","md5":"2d96cef4a8694e86e756ecc5408de49b"},{"page":"/assets/img/detar.png","md5":"ce6aed3dd7361fb05c3e587e6e40669b"},{"page":"/assets/img/happy.png","md5":"42da79aaef75ea9da33b053ca5c0df2d"},{"page":"/assets/img/loginUrl.png","md5":"d9d215cbf66d149ceb4daac2c69d3165"},{"page":"/assets/img/msgNotice.png","md5":"6b7dc731e71d49967b926f224cf974a3"},{"page":"/assets/img/network_error.png","md5":"4e3b30b987a9d687ffa585da23611acf"},{"page":"/assets/img/noMessage.png","md5":"1e1444ec09dcab0c448c1261e1816418"},{"page":"/assets/img/noMessage_error.png","md5":"6e7c7e2729035a0b6c8bea5830a0bb90"},{"page":"/assets/img/nodata.jpg","md5":"b3a2755cbf898a0ee535355a90f058db"},{"page":"/assets/img/noimg.png","md5":"93d25dfbdbfe8f42cb7673854f1da828"},{"page":"/assets/img/orgIcon.png","md5":"275252a7c32dfad62e23278e4b4b52c2"},{"page":"/assets/img/phoneVer.png","md5":"054e5d8ae2e0838637b5d84a0526cc7a"},{"page":"/assets/img/postmark.png","md5":"a88c9ec8f46c0bb9afd436e5322cd3b0"},{"page":"/assets/img/postmark_red.png","md5":"1f5c7842d9e5fdb6cb45eaaa544442d8"},{"page":"/assets/img/shopkeeper.jpg","md5":"44d0c4248b1a361edc8542169ee962bb"},{"page":"/assets/img/showPage1.jpg","md5":"9ec73e0a15a5b189e51042331fa92fba"},{"page":"/assets/img/showPage2.jpg","md5":"b57161d453ee83246709429a4f3ec48e"},{"page":"/assets/img/showPage3.jpg","md5":"d7c76720f4914c2ab87da442ddcaaeb2"},{"page":"/assets/img/splash.png","md5":"d0db3ceb19b8c5193fcb3aaa7c1f81f0"},{"page":"/assets/img/splitimage.png","md5":"0770f7bc01c0af2110245f10f7c93318"},{"page":"/assets/img/submit.png","md5":"0bfe118ccccc770cd1abd558c16dca4a"},{"page":"/assets/img/wire.png","md5":"7c303ac9b52fdff193520f0f15d0dfe8"},{"page":"/assets/img/RFID/RFIDEnquiries.png","md5":"1915e9918883b563ee3aa28dfb7f4d3b"},{"page":"/assets/img/RFID/RFIDFInd.png","md5":"ca446fbcf6f18dac426e8fd3ce05c263"},{"page":"/assets/img/RFID/RFIDInCheck.png","md5":"d4744f52ff9ccbed2477411a995523e4"},{"page":"/assets/img/RFID/RFIDOperation.png","md5":"ac1c1b764eb409e03a98f801c00fdb0e"},{"page":"/assets/img/RFID/RFIDOutCheck.png","md5":"db9b85e10584ed057c6bde90809b283e"},{"page":"/assets/img/RFID/RFIDSet.png","md5":"98f2d52633cb00cf57c5ef5308f95c2c"},{"page":"/assets/img/RFID/eamCheck.png","md5":"015ff7889231a2905728f486ecb4fd25"},{"page":"/assets/img/RFID/eamFind.png","md5":"818619edcf7f6249d03c89c4bff198ae"},{"page":"/assets/img/icon/about.png","md5":"ea17c12f3e25d35129bacb78458be21e"},{"page":"/assets/img/icon/apply-EAS.png","md5":"3c2138d1323f0c86a37b85f743efd4ff"},{"page":"/assets/img/icon/apply-POS.png","md5":"9364e623bc0e391f0bafb2d10e7d90e6"},{"page":"/assets/img/icon/apply-camera.png","md5":"ddd278e9c793486d6760086a0e11d49b"},{"page":"/assets/img/icon/blacklist.png","md5":"dec8e0ebe2eb320696f2912d38925fa4"},{"page":"/assets/img/icon/cancel.png","md5":"3568ace91fdd77367c89d20106b30e67"},{"page":"/assets/img/icon/chooseshop.png","md5":"ed3cedec9ed469de7f46e50d7f59210c"},{"page":"/assets/img/icon/condim.png","md5":"6697eae7ce1b128c7fc18e900a3218cf"},{"page":"/assets/img/icon/data.png","md5":"a1eb535b7e81ff4fc807730c9d63be0c"},{"page":"/assets/img/icon/data1.png","md5":"8c23028b04d5842da76b1dfd67b22aaa"},{"page":"/assets/img/icon/email.png","md5":"74f8b83dfca62e9da4753846fbafbf6e"},{"page":"/assets/img/icon/forward_disable.png","md5":"4e1472cfa66498e1299ebab900730e6c"},{"page":"/assets/img/icon/help.png","md5":"4431aac5bbfe26ba7edffb053f2b73b1"},{"page":"/assets/img/icon/icon-ascend.png","md5":"5c3a06c1bd9cb3f28a699a17e4917c75"},{"page":"/assets/img/icon/icon-chuizi.png","md5":"fee05e99c071c07753b8adb560a1b1d7"},{"page":"/assets/img/icon/icon-guwenguanli.png","md5":"a5557a63be7e29833e261261419e4822"},{"page":"/assets/img/icon/icon-inventory.png","md5":"24a59d328c1b9b98645225123dd7b7ff"},{"page":"/assets/img/icon/icon-mondey.png","md5":"a1f442666578d4adb3cca569e47f2319"},{"page":"/assets/img/icon/icon-pin.png","md5":"1c7000c15d7e003eabec114a43cbb011"},{"page":"/assets/img/icon/icon-yifu.png","md5":"5c10b70af5927463a179c4948efe38db"},{"page":"/assets/img/icon/left.png","md5":"bf97ff3bc41e63d36d3226738caab0cb"},{"page":"/assets/img/icon/my-about.png","md5":"ea17c12f3e25d35129bacb78458be21e"},{"page":"/assets/img/icon/my-email.png","md5":"74f8b83dfca62e9da4753846fbafbf6e"},{"page":"/assets/img/icon/my-help.png","md5":"4431aac5bbfe26ba7edffb053f2b73b1"},{"page":"/assets/img/icon/my-personal.png","md5":"b9f6b1da829ce01b4276ba971753c0f8"},{"page":"/assets/img/icon/my-setting.png","md5":"6d362005a8304dfada25e8c8bcaa0db4"},{"page":"/assets/img/icon/personal.png","md5":"b9f6b1da829ce01b4276ba971753c0f8"},{"page":"/assets/img/icon/photo.png","md5":"db7ce2f44054c47320cb691972108ab3"},{"page":"/assets/img/icon/picture.png","md5":"ddf99cc626207f10a039299264c75789"},{"page":"/assets/img/icon/right.png","md5":"19f0f2ead3e2ac61880c120cf8c34de6"},{"page":"/assets/img/icon/setting.png","md5":"6d362005a8304dfada25e8c8bcaa0db4"},{"page":"/assets/img/icon/tab-apply.png","md5":"a77c196937abf0a6e02da685161a2534"},{"page":"/assets/img/icon/tab-apply1.png","md5":"87173207cbc351d46889d1c25144cbee"},{"page":"/assets/img/icon/tab-message.png","md5":"ac8679674f1635022b793ab66fc024f4"},{"page":"/assets/img/icon/tab-message1.png","md5":"7fafbb31fcac8b4e82e8ce87c60daee1"},{"page":"/assets/img/icon/tab-my.png","md5":"01632817e7d5750c9c32f270e397f762"},{"page":"/assets/img/icon/tab-my1.png","md5":"bf2fd30b566118b8601b4662f3bb410c"},{"page":"/assets/img/icon/tab-quick.png","md5":"6df9e5cf5935f4e410b99cd4f81c5db8"},{"page":"/assets/img/icon/tab-quick1.png","md5":"a8d7e659dfc6a487ee1c2e8377b9d98e"},{"page":"/assets/img/icon/visit-label.png","md5":"a198d4f0a8ea50beefaf3a1585a2c13e"},{"page":"/assets/img/icon/visit-label1.png","md5":"0fca738e363401283d8590d4037fa7a7"},{"page":"/assets/img/icon/visit-pers.png","md5":"d2b944a06f40acda72e1fa9af43391a7"},{"page":"/assets/img/icon/visit-pers1.png","md5":"5134e476332d906fbd65beab3f36985e"},{"page":"/assets/img/icon/visit-pict.png","md5":"5770273a6e83d3fbc8f73d667ff3846e"},{"page":"/assets/img/icon/visit-pict1.png","md5":"dca3d95fd61273e28f8fba2d2b81b018"},{"page":"/assets/img/icon/visit-trad.png","md5":"8e1df150baeccdf61ca5ef38e7bf4f2a"},{"page":"/assets/img/icon/visit-trad1.png","md5":"c62bd7b6e9d58980c9d5b161fb120fa5"},{"page":"/assets/img/imgIcon/ele_low.png","md5":"8cf1726f5de45a12286aa1883432a51f"},{"page":"/assets/img/imgIcon/ele_noraml.png","md5":"c0c0c7c98f3d25e1613bcb0b73c1de60"},{"page":"/assets/img/imgIcon/ele_unknown.png","md5":"0461279fe64135b39cc309b28f78689b"},{"page":"/assets/img/imgIcon/line_not.png","md5":"98509b7657fe51133352d868f87f0b4e"},{"page":"/assets/img/imgIcon/line_on.png","md5":"50ace7347b2faac5555e42f15bc5cf67"},{"page":"/assets/img/imgIcon/work_ab.png","md5":"8366fcef7b47d54c4beba9501224bd60"},{"page":"/assets/img/imgIcon/work_noraml.png","md5":"e9a11c7dbc9a16733c12e5f5de80c8d3"},{"page":"/assets/img/imgIcon/work_un.png","md5":"567f7c8540b34652b2059cef41f18a7f"}],"android":"1.0.0","iOS":"1.0.0","appName":"tianjiapp","jsVersion":"e07297176a7ccc303d1e98a50fc77853","timestamp":1523492586133,"jsPath":"https://app.weex-eros.com/source"}
